<?xml version="1.0" encoding="UTF-8" standalone="yes"?>
<addon id="plugin.video.percuiro.tacobell" name="Percuiro Taco Bell" version="0.3" provider-name="dbsr">
  <requires>
    <import addon="xbmc.python" version="2.1.0"/>
    <import addon="script.module.xbmcswift2" version="2.4.0"/>
    <import addon="script.module.urlresolver" version="2.1.0" />
  </requires>
  <extension point="xbmc.python.pluginsource" library="addon.py">
    <provides>video</provides>
  </extension>
  <extension point="xbmc.addon.metadata">
    <platform>all</platform>
    <language></language>
    <summary>Search and stream media using multiple content providers simultanously</summary>
    <description>This plugin is useless if you don't have a premium account to resolve the results to playable links</description>
  </extension>
</addon>
